,,,,,,,,,,,,,,,,
,№,Категория,Артикул,Штрихкод (EAN13),Наименование,Технические Характеристики,,,,,,,,,,
,,,,,,Товар без упаковки,,,,Товар в упаковке,,,,Цвет,Материалы,Комплектация
,,,,,,Вес (г),Д (мм),В (мм),Ш (мм),Вес (кг),Д (см),В (см),Ш (см),,,
,1,Компьютерные коврики,20240400,460040420200,Коврик для мышки GEEK NOOK 80*40CM Черный Фетр,420,800,"2,5",400,"0,45",42,8,8,Черный,Фетр,Коврик
,2,Компьютерные коврики,20240401,460040420201,Коврик для мышки GEEK NOOK 90*43CM Черный Фетр,480,900,"2,5",430,"0,50",45,10,10,Черный,Фетр,Коврик
,3,Компьютерные коврики,20240402,460040420202,Коврик для мышки GEEK NOOK 100*50CM Черный Фетр,570,1000,"2,5",500,"0,60",52,10,10,Черный,Фетр,Коврик
,4,Компьютерные коврики,20240403,460040420203,Коврик для мышки GEEK NOOK 120*60CM Черный Фетр,760,1200,"2,5",600,"0,80",63,10,10,Черный,Фетр,Коврик
,5,Компьютерные коврики,20240404,460040420204,Коврик для мышки GEEK NOOK 80*40CM Темно-серый Фетр,420,800,"2,5",400,"0,45",42,8,8,Темно - серый,Фетр,Коврик
,6,Компьютерные коврики,20240405,460040420205,Коврик для мышки GEEK NOOK 90*43CM Темно-серый Фетр,480,900,"2,5",430,"0,50",45,10,10,Темно - серый,Фетр,Коврик
,7,Компьютерные коврики,20240406,460040420206,Коврик для мышки GEEK NOOK 100*50CM Темно-серый Фетр,570,1000,"2,5",500,"0,60",52,10,10,Темно - серый,Фетр,Коврик
,8,Компьютерные коврики,20240407,460040420207,Коврик для мышки GEEK NOOK 120*60CM Темно-серый Фетр,760,1200,"2,5",600,"0,80",63,10,10,Темно - серый,Фетр,Коврик
,9,Компьютерные коврики,20240408,460040420208,Коврик для мышки GEEK NOOK 80*40CM Светло-серый Фетр,420,800,"2,5",400,"0,45",42,8,8,Светло - серый,Фетр,Коврик
,10,Компьютерные коврики,20240409,460040420209,Коврик для мышки GEEK NOOK 90*43CM Светло-серый Фетр,480,900,"2,5",430,"0,50",45,10,10,Светло - серый,Фетр,Коврик
,11,Компьютерные коврики,20240410,460040420210,Коврик для мышки GEEK NOOK 100*50CM Светло-серый Фетр,570,1000,"2,5",500,"0,60",52,10,10,Светло - серый,Фетр,Коврик
,12,Компьютерные коврики,20240411,460040420211,Коврик для мышки GEEK NOOK 120*60CM Светло-серый Фетр,760,1200,"2,5",600,"0,80",63,10,10,Светло - серый,Фетр,Коврик
,13,Компьютерные коврики,20240412,460040420212,Коврик для мышки GEEK NOOK 80*40CM Белый Фетр,420,800,"2,5",400,"0,45",42,8,8,Белый,Фетр,Коврик
,14,Компьютерные коврики,20240413,460040420213,Коврик для мышки GEEK NOOK 90*43CM Белый Фетр,480,900,"2,5",430,"0,50",45,10,10,Белый,Фетр,Коврик
,15,Компьютерные коврики,20240414,460040420214,Коврик для мышки GEEK NOOK 100*50CM Белый Фетр,570,1000,"2,5",500,"0,60",52,10,10,Белый,Фетр,Коврик
,16,Компьютерные коврики,20240415,460040420215,Коврик для мышки GEEK NOOK 120*60CM Белый Фетр,760,1200,"2,5",600,"0,80",63,10,10,Белый,Фетр,Коврик
,17,Компьютерные коврики,20240416,460040420216,"Коврик для мышки GEEK NOOK 80*40CM Черный, экокожа/пробка",380,800,3,400,"0,40",42,7,7,Черный,Экокожа / Пробка,Коврик
,18,Компьютерные коврики,20240417,460040420217,"Коврик для мышки GEEK NOOK 90*45СМ Черный, экокожа/пробка",475,900,3,450,"0,50",47,7,7,Черный,Экокожа / Пробка,Коврик
,19,Компьютерные коврики,20240418,460040420218,"Коврик для мышки GEEK NOOK 100*50CM Черный, экокожа/пробка",570,1000,3,500,"0,60",52,8,8,Черный,Экокожа / Пробка,Коврик
,20,Компьютерные коврики,20240419,460040420219,"Коврик для мышки GEEK NOOK 120*60CM Черный, экокожа/пробка",760,1200,3,600,"0,80",62,7,7,Черный,Экокожа / Пробка,Коврик
,21,Компьютерные коврики,20240420,460040420220,"Коврик для мышки GEEK NOOK 80*40CM Темно-серый, экокожа/пробка",380,800,3,400,"0,40",42,7,7,Темно - серый,Экокожа / Пробка,Коврик
,22,Компьютерные коврики,20240421,460040420221,"Коврик для мышки GEEK NOOK 90*45СМ Темно-серый, экокожа/пробка",475,900,3,450,"0,50",47,7,7,Темно - серый,Экокожа / Пробка,Коврик
,23,Компьютерные коврики,20240422,460040420222,"Коврик для мышки GEEK NOOK 100*50CM Темно-серый, экокожа/пробка",570,1000,3,500,"0,60",52,8,8,Темно - серый,Экокожа / Пробка,Коврик
,24,Компьютерные коврики,20240423,460040420223,"Коврик для мышки GEEK NOOK 120*60CM Темно-серый, экокожа/пробка",760,1200,3,600,"0,80",62,7,7,Темно - серый,Экокожа / Пробка,Коврик
,25,Компьютерные коврики,20240424,460040420224,"Коврик для мышки GEEK NOOK 80*40CM Серый, экокожа/пробка",380,800,3,400,"0,40",42,7,7,Серый,Экокожа / Пробка,Коврик
,26,Компьютерные коврики,20240425,460040420225,"Коврик для мышки GEEK NOOK 90*45СМ Серый, экокожа/пробка",475,900,3,450,"0,50",47,7,7,Серый,Экокожа / Пробка,Коврик
,27,Компьютерные коврики,20240426,460040420226,"Коврик для мышки GEEK NOOK 100*50CM Серый, экокожа/пробка",570,1000,3,500,"0,60",52,8,8,Серый,Экокожа / Пробка,Коврик
,28,Компьютерные коврики,20240427,460040420227,"Коврик для мышки GEEK NOOK 120*60CM Серый, экокожа/пробка",760,1200,3,600,"0,80",62,7,7,Серый,Экокожа / Пробка,Коврик
,,,,,,,,,,,,,,,,
,1,Подставки для монитора,202404201,460042888801,"Подставка под монитор GEEK NOOK Focus Station 85x9x23 см, Орех",3850,850,90,230,4,92,6,29,Орех,"Массив дерева (склейка), металл","Подставка, 2 ножки, фурнитура, инструкция"
,2,Подставки для монитора,2024042003,460042888802,"Подставка под монитор GEEK NOOK Focus Station 85x9x23 см, Дуб",3850,850,90,230,4,92,6,29,Дуб,"Массив дерева (склейка), металл","Подставка, 2 ножки, фурнитура, инструкция"
,3,Подставки для монитора,202404205,460042888803,"Подставка под монитор GEEK NOOK Focus Station 85x9x23 см, Чёрный",3850,850,90,230,4,92,6,29,Черный,"Массив дерева (склейка), металл","Подставка, 2 ножки, фурнитура, инструкция"
,4,Подставки для монитора,202404202,460042888804,"Подставка под монитор GEEK NOOK Focus Station 116x9x23 см, Орех",5750,1160,90,230,6,122,9,32,Орех,"Массив дерева (склейка), металл","Подставка, 2 ножки, фурнитура, инструкция"
,5,Подставки для монитора,2024042004,460042888805,"Подставка под монитор GEEK NOOK Focus Station 116x9x23 см, Дуб",5750,1160,90,230,6,122,9,32,Дуб,"Массив дерева (склейка), металл","Подставка, 2 ножки, фурнитура, инструкция"
,6,Подставки для монитора,2024042006,460042888806,"Подставка под монитор GEEK NOOK Focus Station 116x9x23 см, Чёрный",5750,1160,90,230,6,122,9,32,Черный,"Массив дерева (склейка), металл","Подставка, 2 ножки, фурнитура, инструкция"
,7,Аксессуары (подставки для монитора),202404203,460042888807,"Кронштейн для ноутбука GEEK NOOK Laptop Сlosed 18,8x8,4x13,9 см, Чёрный",645,188,84,139,"0,7",19,9,14,Черный,"Металл, фетр","Кронштейн, фурнитура"
,8,Аксессуары (подставки для монитора),202404204,460042888808,"Кронштейн для ноутбука GEEK NOOK Laptop Open 28,2x14,8x21,2 см, Чёрный",1000,282,148,212,"1,1",30,16,24,Черный,"Металл, фетр","Кронштейн, фурнитура"
,9,Аксессуары (подставки для монитора),202404206,460042888809,"Кронштейн кабель-менеджер GEEK NOOK Power Strip 35x7,6x10,6 см, Чёрный",845,357,76,106,"0,9",35,8,11,Черный,Металл,"Кронштейн, фурнитура"
,10,Аксессуары (подставки для монитора),202404207,460042888810,"Кронштейн для наушников GEEK NOOK Headphones Stand 28,6x3,7x10,6 см, Чёрный",210,286,37,106,"0,25",27,11,4,Черный,"Металл, фетр","Кронштейн, фурнитура"
,11,Аксессуары (подставки для монитора),202404208,460042888811,"Кронштейн для смартфона, планшета GEEK NOOK Phone Stand 14,6x4x6,1 см, Чёрный",170,146,40,61,"0,2",15,4,7,Черный,"Металл, фетр","Кронштейн, фурнитура"
,12,Аксессуары (подставки для монитора),202404209,460042888812,"Кронштейн для геймпада GEEK NOOK Gamepad Nintendo Switch 19,1x5,6x11,6 см, Чёрный",300,191,56,116,"0,32",20,6,12,Черный,"Металл, фетр","Кронштейн, фурнитура"
,13,Аксессуары (подставки для монитора),202404210,460042888813,"Кронштейн для геймпада GEEK NOOK Gamepad XBOX 19,1x6x8 см, Чёрный",230,191,60,80,"0,26",20,6,8,Черный,"Металл, фетр","Кронштейн, фурнитура"
,14,Аксессуары (подставки для монитора),202404211,460042888814,"Кронштейн для геймпада GEEK NOOK Gamepad DualSense PS5/PS4 19,1x6x8 см, Чёрный ",230,191,60,80,"0,26",20,6,8,Черный,"Металл, фетр","Кронштейн, фурнитура"
,15,Аксессуары (подставки для монитора),202404212,460042888815,"Кронштейн для геймпада универсальный GEEK NOOK Gamepad 19,1x6x8 см, Чёрный",230,191,60,80,"0,26",20,6,8,Черный,"Металл, фетр","Кронштейн, фурнитура"
,16,Аксессуары (подставки для монитора),202404213,460042888816,"Кронштейн кабель-менеджер мини GEEK NOOK Mini 4x2,7x5 см, Чёрный",35,40,27,50,"0,04",5,3,4,Черный,Металл,"Кронштейн, фурнитура"
,17,Аксессуары (подставки для монитора),202404214,460042888817,"Кронштейн полка GEEK NOOK Shelf 45x3,7x23,6 см, Чёрный",1740,450,37,236,"1,8",46,4,24,Черный,"Металл, фетр","Кронштейн, фурнитура"
,18,Аксессуары (подставки для монитора),202404217,460042888818,"Кронштейн полка GEEK NOOK для MAC MINI 20x6,7x20 см, Чёрный",670,206,70,200,"0,7",22,8,21,Черный,Металл,"Кронштейн, фурнитура"
,19,Аксессуары (подставки для монитора),202404219,460042888819,"Кронштейн полка универсальный GEEK NOOK U-Shelf 20x4,7x20 см, Чёрный",570,200,47,200,"0,6",21,5,6,Черный,Металл,"Кронштейн, фурнитура"
,20,Аксессуары (подставки для монитора),202404218,460042888820,"Кронштейн подставка GEEK NOOK для консоли Nintendo Switch 20x7,6x17,4 см, Чёрный",770,200,76,174,"0,8",21,8,18,Черный,Металл,"Кронштейн, фурнитура"
,21,Аксессуары (подставки для монитора),202404220,460042888821,"Кронштейн подставка для IPhone, GEEK NOOK 11x10,3x11 см, Орех",280,110,103,110,"0,3",11,10,11,Орех,"Металл, дерево","Кронштейн, фурнитура"
,22,Аксессуары (подставки для монитора),202404221,460042888822,"Кронштейн подставка для IPhone, GEEK NOOK 11x10,3x11 см, Орех","1,2",160,103,110,"1,33",18,15,15,Орех,"Металл, дерево",Подставка